{"cameraMode":{"drawMode":0,"name":"Shaded","section":"Shading Mode"},"sceneLighting":false,"audioPlay":false,"sceneViewState":{"showFog":true,"showMaterialUpdate":false,"showSkybox":true,"showFlares":true,"showImageEffects":true,"showParticleSystems":true},"in2DMode":false,"pivot":{"x":-34.01053237915039,"y":-326.7705078125,"z":362.218505859375},"rotation":{"x":-0.36492297053337099,"y":0.03406129777431488,"z":-0.013360828161239624,"w":-0.9303185939788818},"size":536.7487182617188,"orthographic":false}